addon_id,addon_name,addon_category,suitable_use_case,recommended_for_build_type,trigger_gpu_tier,trigger_budget_range,price,priority,recommendation_section,stock,delivery_required,reason,benefit,upsell_message
A001,75Hz Monitor,monitor,gaming;general,budget gaming;home office build,low,2000-3000;2000-4000,399,medium,frequently_bought_next;complete_your_setup,18,TRUE,Entry-level PC buyers often need a basic external display.,Completes setup with affordable display output.,Add a 75Hz monitor to complete the setup without breaking budget.
A002,144Hz Gaming Monitor,monitor,gaming,balanced gaming;mid-range gaming,mid,3000-5000;4000-6000,599,high,frequently_bought_next;complete_your_setup,14,TRUE,Mid-range gaming GPU users often benefit from high refresh rate display.,Improves motion smoothness and competitive gaming experience.,"For a small upsell, unlock the performance of the gaming build with a 144Hz monitor."
A003,165Hz Gaming Monitor,monitor,gaming,high-end gaming,high,5000-8000;6000-9000,899,high,frequently_bought_next;complete_your_setup,9,TRUE,High-end GPU buyers can better experience performance on a faster monitor.,Improves high-FPS gaming visibility and responsiveness.,Pair the high-end GPU with a 165Hz monitor to make the performance visible.
A004,Color Accurate Monitor,monitor,workstation,editing workstation;professional workstation,mid;high,4000-6000;6000-9000,799,high,frequently_bought_next;complete_your_setup,8,TRUE,Creative users often require accurate colours for editing work.,Better visual accuracy for photo and video editing.,Upgrade the workstation experience with a colour-accurate display.
A005,Dual Monitor Setup,monitor,workstation,professional workstation,high,6000-9000,1299,medium,frequently_bought_next;complete_your_setup,5,TRUE,Professional users often improve productivity with extra screen space.,"Supports multitasking, editing timelines, and reference windows.",Increase productivity by offering a dual monitor setup.
A006,Mechanical Keyboard,keyboard,gaming;workstation,balanced gaming;mid-range gaming;editing workstation,mid,3000-5000;4000-6000,189,medium,frequently_bought_next;complete_your_setup,20,TRUE,Common add-on for gaming and productivity buyers.,Improves typing feel and gaming control.,Complete the PC package with a mechanical keyboard.
A007,Budget Gaming Keyboard,keyboard,gaming,budget gaming,low,2000-3000,99,medium,frequently_bought_next;complete_your_setup,25,TRUE,Budget gamers often add affordable gaming peripherals.,Provides gaming-style controls at low cost.,Add a budget gaming keyboard as a low-risk upsell.
A008,Wireless Keyboard Mouse Combo,keyboard,general,home office build,integrated,2000-4000,129,high,frequently_bought_next;complete_your_setup,30,TRUE,Home office users commonly require basic input devices.,Convenient wireless setup for office use.,Offer a wireless keyboard and mouse combo for immediate usability.
A009,Gaming Mouse,mouse,gaming,budget gaming;balanced gaming;high-end gaming,low;mid;high,2000-3000;3000-5000;5000-8000,129,medium,frequently_bought_next;complete_your_setup,22,TRUE,Gaming PC buyers commonly add a more responsive mouse.,Improves precision and comfort in games.,Complete the gaming setup with a dedicated gaming mouse.
A010,Large Gaming Mousepad,mousepad,gaming;general,budget gaming;balanced gaming;high-end gaming;home office build,low;mid;high;integrated,2000-3000;3000-5000;5000-8000;2000-4000,49,low,complete_your_setup,40,TRUE,Low-cost accessory that improves desk setup comfort.,Better mouse movement space and desk protection.,Add a mousepad as a simple low-cost basket-size increase.
A011,UPS Power Backup,protection,gaming;workstation;general,balanced gaming;high-end gaming;editing workstation;professional workstation;home office build,mid;high;integrated,3000-5000;4000-6000;5000-8000;6000-9000;2000-4000,249,high,frequently_bought_next;complete_your_setup;smart_budget_upsize,12,TRUE,Protects against sudden power loss and unstable electricity.,Prevents data loss and hardware stress during power interruptions.,Protect the PC investment with a UPS backup.
A012,Premium UPS Power Backup,protection,gaming;workstation,high-end gaming;professional workstation,high,5000-8000;6000-9000,349,high,frequently_bought_next;smart_budget_upsize,7,TRUE,Higher-value systems need stronger power protection.,Longer backup time and better protection for expensive builds.,"For premium builds, recommend a stronger UPS protection package."
A013,Surge Protector,protection,gaming;workstation;general,budget gaming;balanced gaming;home office build;editing workstation,low;mid;integrated,2000-3000;3000-5000;2000-4000;4000-6000,59,high,frequently_bought_next;complete_your_setup,35,TRUE,Low-cost protection for high-value electronics.,Protects components against voltage spikes.,Add surge protection as a small but high-value protection upsell.
A014,Extended Warranty - Standard,service,gaming;workstation;general,budget gaming;balanced gaming;home office build;editing workstation,low;mid;integrated,2000-3000;3000-5000;2000-4000;4000-6000,199,medium,frequently_bought_next;complete_your_setup,99,FALSE,Reduces repair concern after purchase.,Provides service assurance and customer confidence.,Offer a standard warranty extension to reduce ownership risk.
A015,Extended Warranty - Premium,service,gaming;workstation,high-end gaming;professional workstation,high,5000-8000;6000-9000,299,high,frequently_bought_next;complete_your_setup;smart_budget_upsize,99,FALSE,High-value systems have stronger warranty appeal.,Reduces downtime and protects expensive components.,Recommend premium warranty for high-value builds.
A016,External Backup Drive,storage_addon,workstation;general,editing workstation;professional workstation;home office build,mid;high;integrated,4000-6000;6000-9000;2000-4000,399,high,frequently_bought_next;complete_your_setup,11,TRUE,Users with important files often need backup storage.,Provides offline backup and data protection.,Add an external backup drive for safer file management.
A017,Cloud Backup Service,service,workstation;general,editing workstation;professional workstation;home office build,mid;high;integrated,4000-6000;6000-9000;2000-4000,199,medium,frequently_bought_next;complete_your_setup,99,FALSE,Customers doing productive work may need offsite backup.,Adds data redundancy and disaster recovery.,Offer cloud backup as a service-based upsell.
A018,Additional Case Fans Pack,cooling_addon,gaming;workstation,balanced gaming;high-end gaming;editing workstation,mid;high,3000-5000;5000-8000;4000-6000,89,medium,frequently_bought_next;complete_your_setup;smart_budget_upsize,18,TRUE,Mid-tower and gaming builds benefit from better airflow.,Lowers temperature and improves long-term stability.,Improve airflow with an additional case fan pack.
A019,Premium Thermal Paste,cooling_addon,gaming;workstation,balanced gaming;high-end gaming;professional workstation,mid;high,3000-5000;5000-8000;6000-9000,39,low,frequently_bought_next;complete_your_setup,30,TRUE,Cooling-focused buyers often add better thermal paste.,Improves heat transfer between CPU and cooler.,Small-cost thermal upgrade to support cooler performance.
A020,Premium Gaming Headset,audio,gaming,balanced gaming;high-end gaming,mid;high,3000-5000;5000-8000,299,medium,frequently_bought_next;complete_your_setup,10,TRUE,Gaming users commonly add audio accessories.,Improves communication and immersion.,Complete the gaming setup with a premium headset.
A021,Webcam,audio,general;workstation,home office build;editing workstation,integrated;mid,2000-4000;4000-6000,149,medium,frequently_bought_next;complete_your_setup,16,TRUE,Office and remote users often need webcam support.,Supports meetings and online classes.,Add a webcam for remote work and online communication.
A022,WiFi Bluetooth Adapter,networking,general;gaming,home office build;budget gaming;balanced gaming,integrated;low;mid,2000-4000;2000-3000;3000-5000,89,medium,complete_your_setup,20,TRUE,Some desktop builds may not include wireless connectivity.,Adds WiFi and Bluetooth connectivity.,Recommend wireless connectivity if motherboard features are limited.
A023,Cable Management Kit,setup_accessory,gaming;workstation;general,budget gaming;balanced gaming;high-end gaming;home office build;editing workstation,low;mid;high;integrated,2000-3000;3000-5000;5000-8000;2000-4000;4000-6000,39,low,complete_your_setup,50,TRUE,Improves presentation and organisation of the desk setup.,Cleaner workspace and easier cable maintenance.,Add cable management as a simple low-cost finishing item.
A024,Installation & Setup Support,service,gaming;workstation;general,budget gaming;balanced gaming;high-end gaming;home office build;editing workstation;professional workstation,low;mid;high;integrated,2000-3000;3000-5000;5000-8000;2000-4000;4000-6000;6000-9000,120,medium,complete_your_setup,99,FALSE,Some customers prefer ready-to-use setup support.,Reduces customer setup burden and improves experience.,Offer installation support to make the purchase frictionless.
A025,Data Migration Service,service,workstation;general,home office build;editing workstation;professional workstation,integrated;mid;high,2000-4000;4000-6000;6000-9000,150,medium,complete_your_setup;smart_budget_upsize,99,FALSE,Customers upgrading PCs may need files transferred safely.,Simplifies transition from old PC to new PC.,Offer data migration as a practical service upsell.
A026,Gaming Chair,furniture,gaming,balanced gaming;high-end gaming,mid;high,3000-5000;5000-8000,499,low,complete_your_setup,6,TRUE,Some gaming buyers may want a complete gaming station.,Improves comfort for long gaming sessions.,Optional lifestyle upsell for a complete gaming environment.
